{"cameraMode":{"drawMode":0,"name":"Shaded","section":"Shading Mode"},"sceneLighting":false,"audioPlay":false,"sceneViewState":{"showFog":true,"showMaterialUpdate":false,"showSkybox":false,"showFlares":true,"showImageEffects":true,"showParticleSystems":true},"in2DMode":false,"pivot":{"x":0.00239717960357666,"y":2.0830063819885256,"z":-0.27543216943740847},"rotation":{"x":-0.07102714478969574,"y":0.02722567692399025,"z":-0.0019395191920921207,"w":-0.9971009492874146},"size":7.217019081115723,"orthographic":false}