{"cameraMode":{"drawMode":0,"name":"Shaded","section":"Shading Mode"},"sceneLighting":false,"audioPlay":false,"sceneViewState":{"showFog":true,"showMaterialUpdate":false,"showSkybox":false,"showFlares":true,"showImageEffects":true,"showParticleSystems":true},"in2DMode":false,"pivot":{"x":-0.09715068340301514,"y":4.399828910827637,"z":-0.013418912887573243},"rotation":{"x":-0.32236629724502566,"y":0.002538439817726612,"z":-0.0008643920882605016,"w":-0.9466112852096558},"size":17.147945404052736,"orthographic":false}