{"cameraMode":{"drawMode":0,"name":"Shaded","section":"Shading Mode"},"sceneLighting":false,"audioPlay":false,"sceneViewState":{"showFog":true,"showMaterialUpdate":false,"showSkybox":false,"showFlares":true,"showImageEffects":true,"showParticleSystems":true},"in2DMode":false,"pivot":{"x":0.00239717960357666,"y":2.0830063819885256,"z":-0.27543216943740847},"rotation":{"x":0.2771076560020447,"y":0.334369033575058,"z":-0.10354849696159363,"w":0.8948108553886414},"size":7.217019081115723,"orthographic":false}